{
    "faces":[0,80,14,89,0,25,97,21,0,80,89,25,0,82,13,80,0,18,102,23,0,23,82,80,0,25,21,99,0,23,80,25,0,18,23,25,0,25,99,17,0,91,3,86,0,25,17,91,0,18,25,91,0,91,86,1,0,1,93,5,0,5,69,8,0,5,8,76,0,18,91,1,0,5,76,18,0,1,5,18,1,114,71,2,83,1,113,81,12,87,0,20,10,79,0,79,11,21,0,79,21,20,0,16,90,100,1,112,72,6,90,1,111,93,1,70,0,97,25,77,0,77,24,98,0,98,20,100,0,100,16,103,0,103,17,99,0,99,21,97,0,97,77,98,0,98,100,103,0,103,99,97,0,98,103,97,1,110,102,18,85,1,109,84,22,95,0,96,15,87,0,87,12,95,0,22,101,19,0,87,95,22,0,24,96,87,0,20,98,24,0,16,100,20,0,83,2,66,0,66,16,20,0,24,87,22,0,66,20,24,0,0,83,66,0,4,92,0,0,9,74,4,0,94,9,4,0,0,66,24,0,24,22,19,0,19,94,4,0,0,24,19,0,19,4,0,1,108,85,18,76,1,107,73,4,74,1,106,91,17,103,0,7,67,78,1,105,89,14,88,1,104,78,11,79,1,130,118,28,120,1,129,126,32,125,1,128,123,31,119,1,127,126,33,122,1,39,34,36,35,0,40,35,36,0,58,38,40,0,36,58,40,0,41,40,38,0,38,59,37,0,38,37,41,1,41,37,34,39,0,37,59,61,0,37,61,64,0,60,58,36,0,63,60,36,0,34,37,64,0,65,63,36,0,34,64,65,0,65,36,34,0,55,45,48,0,48,44,41,0,39,43,47,0,55,48,41,0,39,47,55,0,41,39,55,0,40,41,44,0,39,35,43,1,47,57,56,55,0,47,43,35,0,40,44,48,0,40,48,46,0,47,35,40,0,49,47,40,0,40,46,52,0,49,40,52,1,52,46,42,51,1,47,49,50,57,0,59,38,58,0,58,60,62,0,62,61,59,0,58,62,59,1,45,55,56,53,1,48,45,53,54,1,46,48,54,42,1,49,52,51,50,1,68,104,79,10,1,6,72,104,68,1,72,7,78,104,1,96,105,88,15,1,24,77,105,96,1,77,25,89,105,0,78,67,99,0,67,17,99,1,11,78,99,21,1,66,106,103,16,1,2,71,106,66,1,71,3,91,106,1,75,107,74,9,1,8,69,107,75,1,69,5,73,107,1,75,108,76,8,1,9,94,108,75,1,94,19,85,108,1,81,109,95,12,1,13,82,109,81,1,82,23,84,109,1,101,110,85,19,1,22,84,110,101,1,84,23,102,110,1,70,0,92,111,1,4,73,111,92,1,73,5,93,111,1,103,112,90,16,1,17,67,112,103,1,67,7,72,112,0,100,90,68,0,90,6,68,1,20,100,68,10,1,88,113,87,15,1,14,80,113,88,1,80,13,81,113,1,83,0,70,114,1,1,86,114,70,1,86,3,71,114,1,120,127,122,29,1,28,121,127,120,1,121,32,126,127,1,115,128,119,27,1,26,117,128,115,1,117,30,123,128,1,123,129,125,31,1,30,124,129,123,1,124,33,126,129,1,116,130,120,29,1,26,115,130,116,1,115,27,118,130],
    "metadata":{
        "faces":163,
        "version":3,
         "generator":"io_three",
        "vertices":131,
        "type":"Geometry"
    },
    "vertices":[-0.171875,-0.28261,-1.15512,-0.175152,0.293858,-1.15882,-0.343075,-0.293906,-2.96744,-0.343548,0.288694,-2.96894,1.1027,-0.284269,-1.15926,1.10598,0.295521,-1.16285,1.27639,-0.360442,-2.96911,1.27687,0.372702,-2.9706,1.16367,0.321574,-1.57546,1.16172,-0.310154,-1.57237,1.24726,-0.34767,-2.48931,1.248,0.359663,-2.4912,1.18721,-0.321332,-1.79333,1.18871,0.332886,-1.79609,1.23065,0.351828,-2.25538,1.22973,-0.33998,-2.25324,0.696551,-0.356811,-2.94377,0.696715,0.368991,-2.94545,0.65444,0.305078,-1.51756,0.653622,-0.293788,-1.51322,0.686473,-0.342016,-2.45618,0.686734,0.353901,-2.45842,0.664033,-0.309071,-1.74215,0.664629,0.320481,-1.7458,0.680178,-0.332774,-2.21507,0.680515,0.344498,-2.21768,0.425857,-0.223088,-1.09645,0.419391,-0.276235,0.978683,-0.156325,-0.285132,0.988878,-0.0724179,-0.245785,-1.14586,0.426079,0.221826,-1.08197,0.419471,0.275974,0.902999,-0.156111,0.285399,0.968484,-0.0721628,0.246157,-1.1457,-1.33217,0.416479,3.18504,-1.15878,-0.362717,1.00197,-1.16062,0.376519,1.00363,1.39575,0.411703,3.14331,1.25848,0.351847,0.908272,-1.33173,-0.401704,3.18416,1.25663,-0.338471,0.905147,1.39546,-0.397059,3.14221,0.701516,0.388505,1.97212,-1.21249,-0.374824,1.5231,1.37308,-0.387617,2.56806,0.0546071,-0.385017,2.54786,0.701235,-0.370755,1.96937,-0.538628,-0.362008,1.45578,0.710514,-0.384642,2.54494,0.0880817,-0.352619,1.40646,0.0873443,0.369891,1.41021,0.688903,0.368814,1.40479,0.688413,-0.351567,1.40093,0.0543407,0.403213,2.54986,0.710689,0.402825,2.54697,-0.611379,-0.388611,2.57579,-0.611993,0.406928,2.57753,-0.540131,0.379514,1.45867,0.114535,0.339201,0.859398,1.34494,0.38955,2.00185,0.0875144,0.366225,1.40934,0.701451,0.384732,1.97148,0.68879,0.365153,1.4039,-0.539784,0.375795,1.458,0.710648,0.398954,2.5465,-0.611851,0.403027,2.57713,0.180407,-0.356907,-2.94444,0.98471,0.3704,-2.95499,1.26272,-0.354449,-2.72815,1.13591,0.309036,-1.36351,-0.132612,0.00437404,-1.07397,-0.334719,0.00596039,-2.94101,1.26783,0.00596446,-2.94291,1.03118,0.00441654,-1.08108,1.13337,-0.297722,-1.36011,1.123,0.00501713,-1.51099,0.9004,0.311761,-1.54102,0.673882,0.00546994,-2.16611,1.26331,0.36658,-2.72982,1.23393,0.00574273,-2.45504,1.21098,0.342944,-2.02328,1.15823,0.00524761,-1.74028,0.920038,0.325419,-1.76582,-0.277892,-0.264363,-2.01807,0.652146,0.00499401,-1.66929,0.636441,0.00465013,-1.42206,-0.279045,0.258587,-2.02055,1.20981,-0.331244,-2.02084,1.21272,0.00560404,-2.21373,0.95156,0.347344,-2.23232,0.98437,-0.35819,-2.95339,0.180224,0.369089,-2.94611,0.462325,-0.250207,-1.07436,0.462418,0.261583,-1.08071,0.898844,-0.300428,-1.53722,0.918876,-0.313957,-1.76254,0.950881,-0.335573,-2.22989,0.683744,0.349381,-2.33776,0.683449,-0.337576,-2.33534,0.692081,0.361985,-2.70119,0.691876,-0.349948,-2.69926,0.659055,-0.301764,-1.62684,0.659752,0.313108,-1.63082,0.693634,0.00590239,-2.91387,1.25211,0.00586164,-2.69827,0.938273,0.00552253,-2.18479,0.183662,0.00590404,-2.91465,1.08094,0.00474203,-1.2899,0.866921,0.0048038,-1.4593,0.896045,0.00509717,-1.69817,0.644834,0.0048339,-1.54553,0.459906,0.00339837,-0.910924,0.978334,0.00592605,-2.92494,1.18779,0.00544093,-1.9751,-0.256223,0.00542979,-1.97156,0.437228,-0.129607,-0.331808,0.193309,-0.229841,-1.10838,0.431647,0.000356754,-0.955076,0.138151,-0.27878,0.957663,0.421041,0.00021911,0.949119,0.0277797,-0.198799,-0.265568,-0.134258,0.000199986,0.983069,-0.0131381,0.000289615,-1.06734,0.437279,0.198293,-0.331239,0.194306,0.229501,-1.10119,0.138565,0.278801,0.853169,0.0627891,0.219332,-0.266193,0.0354983,0.000441744,-0.336624,0.442333,0.00112421,-0.729218,0.277469,0.224193,-0.306809,0.27696,-0.155621,-0.306842]
}